{"cameraMode":{"drawMode":0,"name":"Shaded","section":"Shading Mode"},"sceneLighting":true,"audioPlay":false,"sceneViewState":{"showFog":true,"showMaterialUpdate":false,"showSkybox":true,"showFlares":true,"showImageEffects":true,"showParticleSystems":true},"in2DMode":false,"pivot":{"x":-0.037473440170288089,"y":0.06046285852789879,"z":0.045933425426483157},"rotation":{"x":-0.006164500489830971,"y":0.9815613031387329,"z":-0.03211737424135208,"w":-0.1883661448955536},"size":0.7330126166343689,"orthographic":false}